Group,vulnerability
HC,0.27929722109998
HC,0.285188848332052
HC,0.247498771203017
CU,0.538167938931298
CU,0.156906718942271
CU,0.146836269502466
CU,0.161926759967992
CU,0.154508943830466
CU,0.19466553628860897
CU,0.177961852226109
CU,0.19918883162054002
CU,0.17780629347567897
CU,0.195946839705748
CU,0.192335513627607
HC,0.260270132643542
HC,0.283927197572521
CU,0.185458403388788
CU,0.4419260129183789
CU,0.11724213850541301
CU,0.123718059165924
CU,0.107720504874915
HC,0.274213226970055
HC,0.276776981710248
CU,0.18155500384068698
HC,0.238365937615067
HC,0.263946618890883
HC,0.28721930593586503
CU,0.170992366412214
CU,0.182119106028137
HC,0.28740466675048804
HC,0.282841920630411
CU,0.185388124229125
HC,0.169393036226663
CU,0.18388024877766798
HC,0.259445966215827
CU,0.20232767401338503
CU,0.114280193767391
CU,0.188723272600881
CU,0.19603810923567
HC,0.28223929325388897
HC,0.263779180351682
HC,0.274336107805475
CU,0.159319011084517
CU,0.18110613121092997
HC,0.283632142823099
HC,0.275621440967573
CU,0.196351470395265
CU,0.183601638043034
CU,0.197639868586337
CU,0.17780629347567897
CU,0.12589084013161
HC,0.281181406440713
CU,0.16997039086806498
HC,0.27476864245734
CU,0.173073842854747
CU,0.140615951566202
HC,0.27237430796315
CU,0.183318441292897
CU,0.176941505587548
CU,0.140660632433832
HC,0.285098586230357
CU,0.137133314401245
HC,0.27617525155978995
CU,0.17845699777860397
HC,0.278354587847638
CU,0.188603412790888
HC,0.282934836482758
HC,0.261010591933226
HC,0.148225110089471
CU,0.0879624192601293
CU,0.10713874717096901
HC,0.255770238369455
HC,0.278810884467248
HC,0.23767365928258502
HC,0.20170734045397895
HC,0.27199684219181103
HC,0.287367536024374
CU,0.212416220626492
CU,0.165929556704314
HC,0.220773852478435
HC,0.29307005280733506
CU,0.18043680186878
HC,0.27673277447440003
HC,0.254783460755379
HC,0.322645575695154
CU,0.18434004253492398
HC,0.28341977336522495
CU,0.17322184195836401
HC,0.23459203134834802
CU,0.19729555567879398
HC,0.260842967664425
HC,0.272473423746901
CU,0.183601638043034
CU,0.184990839998329
HC,0.22635969820184101
HC,0.254777523905433
CU,0.19940414548029103
CU,0.145188825172474
CU,0.177466483791956
CU,0.205648999691025
CU,0.183831778515781
CU,0.115649477603576
CU,0.199094478855179
CU,0.18534146559770898
CU,0.139190928457305
CU,0.177708146821844
CU,0.111136911154326
